Molecule_ID,Free_Energy
1,-54.96714153011233
2,-48.61735698828815
3,-56.47688538100692
4,-65.23029856408026
5,-47.658466252766644
6,-47.6586304305082
7,-65.79212815507391
8,-57.67434729152909
9,-45.30525614065048
10,-55.42560043585965
